Job Title,Company Name,Location,Link
"Data Scientist
Data Scientist with verification",CVS Health,"New York, NY (Remote)",https://www.linkedin.com/jobs/collections/top-applicant/?currentJobId=4253492321&start=50
"Data Scientist, Product Analytics
Data Scientist, Product Analytics with verification",Lensa,"Sacramento, CA (On-site)",https://www.linkedin.com/jobs/collections/top-applicant/?currentJobId=4254757776&start=50
"Experienced Data Engineer- Fully Remote (US)
Experienced Data Engineer- Fully Remote (US) with verification",Johnson & Johnson MedTech,"Irvine, CA (Remote)",https://www.linkedin.com/jobs/collections/top-applicant/?currentJobId=4250762155&start=50
"Data Scientist
Data Scientist",Nomis Solutions,United States (Remote),https://www.linkedin.com/jobs/collections/top-applicant/?currentJobId=4252565503&start=50
"Data Scientist
Data Scientist with verification",Antal International,"California, United States (On-site)",https://www.linkedin.com/jobs/collections/top-applicant/?currentJobId=4253813670&start=50
"AI Software Engineer - Data Platform
AI Software Engineer - Data Platform",Perplexity,"San Francisco, CA (On-site)",https://www.linkedin.com/jobs/collections/top-applicant/?currentJobId=4254507575&start=50
"Data Scientist or Senior Data Scientist
Data Scientist or Senior Data Scientist with verification",National Research Group,United States (Remote),https://www.linkedin.com/jobs/collections/top-applicant/?currentJobId=4252716360&start=50
"Senior Data Engineer
Senior Data Engineer","Pulsar Informatics, Inc.",United States (Remote),https://www.linkedin.com/jobs/collections/top-applicant/?currentJobId=4252700413&start=50
"Senior Data Engineer
Senior Data Engineer with verification",Energy CX,United States (Remote),https://www.linkedin.com/jobs/collections/top-applicant/?currentJobId=4252047363&start=50
"Analytics Engineer
Analytics Engineer with verification",MongoDB,United States (Remote),https://www.linkedin.com/jobs/collections/top-applicant/?currentJobId=4250810404&start=50
"Senior AI/ML Engineer
Senior AI/ML Engineer",ValidMind,United States (Remote),https://www.linkedin.com/jobs/collections/top-applicant/?currentJobId=4253799198&start=50
